Claim ID,Claim,Primary source basis,Evidence type,Current status,Cross-check note
CLM-KIR-001,Kirat/Kichak communities occupied eastern Nepal in the early 19th century,Hamilton 1819 pp.7–8,Primary written account,"DOCUMENTED, SOURCE-BOUNDED",Independent context from other historical/archival materials; do not generalize beyond source scope.
CLM-KIR-002,Agam Singha is identified as a hereditary Kirat chief/informant in Hamilton,"Hamilton 1819 pp.2–3, 133–134",Primary written account,DOCUMENTED IN HAMILTON,Claim is about Hamilton’s report and its named informant.
CLM-YAL-001,Yellung/Ya’lamba/Yalambar is preserved as first Kirata ruler in chronicle traditions,Chronicle-based scholarship / Ancient Nepal / later compilations,Chronicle/traditional history,CHRONICLE_TRADITIONAL,Not independently established as contemporary ancient history in this pass.
CLM-YAL-002,Yalambar was a specific Mahabharata character,Various later claims,Interpretive/legendary claim,NOT ESTABLISHED,No independent contemporary evidence identified in this pass.
CLM-YAL-003,Yalambar carried the title “Hang” as a securely established ancient official title,Claim requires primary support,Unverified claim,RESEARCH_REQUIRED,Do not present as established without direct source evidence.
CLM-BL-001,16th-century catalogue-dated Kiranta manuscript objects exist in British Library EAP collections,British Library EAP1023 catalogue,Archival catalogue,DOCUMENTED OBJECT / RIGHTS RESTRICTED,Object existence is documented; individual content claims require folio-level reading.
CLM-DNA-001,Pallo Kirāta is represented by multiple historical documents in Documenta Nepalica,Documenta Nepalica Pallo Kirāta ontology,Primary archival corpus,DOCUMENTED ARCHIVAL CORPUS,Individual document text should be used for claim-level statements.
CLM-DNA-002,A VS 1865 document concerns an appeal to Kirātīs and Lepchas across the Ṭistā,RRC_0036_0252,Primary archival document,PRIMARY DOCUMENT IDENTIFIED,Two folios; exact wording should be taken from the document/edition.
CLM-DNA-003,E_3420_0013 documents Pallo Kirāta/Limbuvān administration in VS 1876 (1819 CE),Documenta Nepalica E_3420_0013,Primary archival document,DOCUMENTED,The digital edition is available; facsimile copyright remains with National Archives.
CLM-BL-002,EAP1023/22/3 is a Kiranta-language document recovered from a Kiranta society in Eastern Nepal,British Library EAP1023/22/3,Archival catalogue,DOCUMENTED OBJECT,Do not infer the historical meaning beyond the catalogue/object and verified folios.
CLM-MUND-001,Mundhum is documented in modern scholarship as an oral religious/narrative tradition,Academic research,Secondary scholarship,SUPPORTED IN SPECIFIC SCHOLARLY CONTEXT,Keep community/author attribution and avoid universalizing claims.
CLM-GOV-001,Nepal Parichaya includes a Kirantbamshi Kings/Yalung/Yalambar discussion,Government of Nepal Nepal Parichaya p.46,Official compilation,SECONDARY/OFFICIAL COMPILATION,Cross-check underlying chronicle sources before treating as independent evidence.
