Evidence ID,Source,Year,Exact target,Evidence level,Rights status,Actual attachment in ZIP,Official source
EV-HAM-1819-001,Francis Buchanan Hamilton — An Account of the Kingdom of Nepal,1819,"Printed pp. 2–3, 7–8, 133–134, 148–149",Primary written account,Reuse-permitted per current LOC rights note,Yes — evidence extract PDF,https://www.loc.gov/item/43032470/
EV-KIR-1811-001,Colonel Kirkpatrick — An Account of the Kingdom of Nepal,1811,Exact Kirata/Yalambar pages require verification,Primary historical source,Rights/access to verify,No — official record + upload target,https://repository.narchives.gov.np/items/d3ef4611-7b79-4bba-9044-b5c8873697aa
EV-ANE-001,Ancient Nepal / Department of Archaeology,Historical scholarship,Yellung / Ya’lamba / Yalambar discussion,Secondary/chronicle analysis,Rights to verify,No — official PDF reference,https://giwmscdntwo.gov.np/media/pdf_upload/ancient_nepal_59-60_full_1497255304_1581402902.pdf
EV-BL-EAP-001,British Library EAP1023/22/17 — किराँत धर्म,16th century catalogue date,27 TIFF images,Primary manuscript,Research access / not public records,No — permission required,https://searcharchives.bl.uk/catalog/040-003666019
EV-BL-EAP-002,British Library EAP1023/21/5 — किराँत धर्म,16th century catalogue date,21 folios / TIFF images,Primary manuscript,Research access / not public records,No — permission required,https://searcharchives.bl.uk/catalog/040-003665987
EV-BL-HOD-001,British Library Mss Eur Hodgson/85 — Limbu manuscripts,Hodgson papers,"Religion, culture, ritual, prayer, vocabulary",Primary archival collection,Archival rights to verify,No — permission required,https://searcharchives.bl.uk/catalog/040-003416594
EV-TU-MUND-001,Ramesh Kumar Limbu — Performance in Limbu Mundhum,2010,Relevant thesis chapters/pages,Academic secondary research,Copyright / repository access,No — metadata only,https://elibrary.tucl.edu.np/items/8b1c3b64-11ab-45e2-a272-b964b183b2be
EV-DNA-RRC-0036-0252,Documenta Nepalica / RRC — appeal to Kirātīs and Lepchas across the Ṭistā,VS 1865,2 folios; RRC vol.36 no.221 pp.243–244; NGMPP E 2441/2,Primary archival document,Catalogue/access rights to verify,No — catalogue reference and lawful evidence target,https://nepalica.hadw-bw.de/nepal/catitems/viewitem/78821/1
EV-DNA-PALLO-KIRATA,Documenta Nepalica — Pallo Kirāta records,1780–1851 and related,E_3345_0008; E_3420_0007; E_3420_0008; E_3420_0013; E_3420_0016,Primary archival documents,Catalogue/access rights to verify,No — individual folio targets,https://nepalica.hadw-bw.de/nepal/ontologies/viewitem/2259
EV-DNA-LIMBUVAN,Documenta Nepalica — Documents on Limbuvān,pre-modern / 18th–19th c.,DNA_0001_0109; E_2782_0042 and related records,Primary archival collection,Catalogue/access rights to verify,No — individual folio targets,https://www.hadw-bw.de/forschung/projekte-im-akademienprogramm/religions-und-rechtsgeschichtliche-quellen-des-vormodernen-nepal/documents-on-limbuv%C4%81n
EV-NP-PARICHAYA-46,Government of Nepal / Nepal Parichaya,Official publication,Printed p.46 — Kirantbamshi Kings/Yalung/Yalambar discussion,Official compilatory secondary evidence,Government publication rights to verify,No — official PDF reference,https://giwmscdnone.gov.np/media/app/public/23/posts/1673539151_17.pdf
