Source ID,Author,Work,Research Section Key,Evidence Status
hamilton-1819,Francis Buchanan Hamilton,An Account of the Kingdom of Nepal...,geography_settlements,PAGE_LEVEL_EVIDENCE_PARTIAL
kirkpatrick-1811,William Kirkpatrick,An Account of the Kingdom of Nepaul,geography_settlements,SOURCE_IDENTITY_VERIFIED_PAGE_PENDING
oldfield,Henry Ambrose Oldfield,Sketches from Nipal,geography_settlements,SOURCE_IDENTITY_VERIFIED_PAGE_PENDING
caplan-1970,Lionel Caplan,Land and Social Change in East Nepal,geography_settlements,BIBLIOGRAPHICALLY_VERIFIED_PAGE_PENDING
hansson-1991,Gerd Hansson / Werner Winter,The Rai of Eastern Nepal: Ethnic and Linguistic Grouping,geography_settlements,BIBLIOGRAPHICALLY_VERIFIED_PAGE_PENDING
nepalica-pallo-kirata,Documenta Nepalica / Heidelberg Academy,Historical documents indexed under Pallo Kirāta,geography_settlements,CATALOGUE_CORPUS_VERIFIED_FOLIO_PENDING
nepalica-land-survey,Regmi Research Collection / Documenta Nepalica,RRC_0006_0157 land-survey regulations in Majha/Pallo Kirāta,geography_settlements,PRIMARY_DOCUMENT_VERIFIED_FOLIO_TEXT_PENDING
nepalica-revenue,Regmi Research Collection / Documenta Nepalica,RRC_0089_0038 revenue collection in Mājha/Pallo Kirāta,geography_settlements,PRIMARY_DOCUMENT_VERIFIED_FOLIO_TEXT_PENDING
limbuvan-documents,Documenta Nepalica / Heidelberg Academy,Documents on Limbuvān,geography_settlements,CATALOGUE_CORPUS_VERIFIED_FOLIO_PENDING
documenta-rrc-0036-0252,Documenta Nepalica / RRC,Appeal to Kirātīs and Lepchas across the Ṭistā,geography_settlements,PRIMARY_DOCUMENT_CATALOGUE_VERIFIED_FOLIO_PENDING
documenta-pallo-kirata-records,Documenta Nepalica / Heidelberg Academy,"Pallo Kirāta historical documents: E_3345_0008, E_3420_0007, E_3420_0008, E_3420_0013, E_3420_0016",geography_settlements,PRIMARY_CORPUS_VERIFIED_FOLIO_PENDING
documenta-limbuvan-collection,Documenta Nepalica / Heidelberg Academy,Documents on Limbuvān,geography_settlements,PRIMARY_CORPUS_VERIFIED_FOLIO_PENDING
giuseppe-capuchin,Father Giuseppe,Capuchin missionary account on Nepal/Kiratas,origins_migration,PAGE_VERIFICATION_REQUIRED
hamilton-1819,Francis Buchanan Hamilton,An Account of the Kingdom of Nepal...,origins_migration,PAGE_LEVEL_EVIDENCE_PARTIAL
hodgson-kiranti-1859,Brian Houghton Hodgson,"On the Kiranti Tribe, JASB 27",origins_migration,SOURCE_IDENTITY_VERIFIED_PAGE_PENDING
caplan-1970,Lionel Caplan,Land and Social Change in East Nepal,origins_migration,BIBLIOGRAPHICALLY_VERIFIED_PAGE_PENDING
hansson-1991,Gerd Hansson / Werner Winter,The Rai of Eastern Nepal: Ethnic and Linguistic Grouping,origins_migration,BIBLIOGRAPHICALLY_VERIFIED_PAGE_PENDING
gaenszle-kiranti,Martin Gaenszle,"Research on Kiranti oral tradition, Mundhum, script and religion/community",origins_migration,WORK_LEVEL_RECORD_REQUIRED
schlemmer,Gérard Schlemmer,Research on reinvention/reconstruction of Kirant identity,origins_migration,WORK_LEVEL_RECORD_REQUIRED
hardman,Charlotte Hardman,Ethnographic research on Yakkha/Kiranti communities,origins_migration,WORK_LEVEL_RECORD_REQUIRED
allen,Nicholas Allen,Anthropological/comparative research relevant to Kiranti/Yakkha,origins_migration,PAGE_VERIFICATION_REQUIRED
streltsova-2023,Liliya A. Streltsova,The “Kirat Religion” in Nepal...,origins_migration,ARTICLE_IDENTITY_AND_PAGE_RANGE_VERIFIED
bista-people-nepal,Dor Bahadur Bista,People of Nepal,origins_migration,BIBLIOGRAPHICALLY_VERIFIED_PAGE_PENDING
michaels-2024,Axel Michaels,Nepal: A History from the Earliest Times to the Present,origins_migration,BOOK_IDENTITY_VERIFIED_PAGE_PENDING
kirkpatrick-1811,William Kirkpatrick,An Account of the Kingdom of Nepaul,political_history,SOURCE_IDENTITY_VERIFIED_PAGE_PENDING
hamilton-1819,Francis Buchanan Hamilton,An Account of the Kingdom of Nepal...,political_history,PAGE_LEVEL_EVIDENCE_PARTIAL
wright,Daniel Wright,History of Nepal / documentary-historical work,political_history,SOURCE_IDENTITY_VERIFIED_PAGE_PENDING
landon,Percival Landon,Nepal,political_history,SOURCE_IDENTITY_VERIFIED_PAGE_PENDING
levi,Sylvain Lévi,Le Népal: étude historique d’un royaume hindou,political_history,SOURCE_AND_DIGITAL_TEXT_VERIFIED_PAGE_PENDING
nepalica-pallo-kirata,Documenta Nepalica / Heidelberg Academy,Historical documents indexed under Pallo Kirāta,political_history,CATALOGUE_CORPUS_VERIFIED_FOLIO_PENDING
nepalica-land-survey,Regmi Research Collection / Documenta Nepalica,RRC_0006_0157 land-survey regulations in Majha/Pallo Kirāta,political_history,PRIMARY_DOCUMENT_VERIFIED_FOLIO_TEXT_PENDING
nepalica-revenue,Regmi Research Collection / Documenta Nepalica,RRC_0089_0038 revenue collection in Mājha/Pallo Kirāta,political_history,PRIMARY_DOCUMENT_VERIFIED_FOLIO_TEXT_PENDING
ancient-nepal-yellung-crosscheck,Department of Archaeology Nepal / Ancient Nepal,Yellung/Ya’lamba/Yalambar discussion,political_history,SECONDARY_CHRONICLE_ANALYSIS_VERIFIED
nepal-parichaya-kirat-bamshi,Government of Nepal / Nepal Parichaya,Kirantbamshi Kings section,political_history,OFFICIAL_COMPILATION_VERIFIED_SECONDARY
chemjong-kirat-itihas,Iman Singh Chemjong,Kirat Itihas,political_history,EDITION_PAGE_VERIFICATION_REQUIRED
chemjong-history-culture,Iman Singh Chemjong,History and Culture of Kirat People / Kirat History and Culture,political_history,EDITION_PAGE_VERIFICATION_REQUIRED
tanka-bahadur-rai,Tanka Bahadur Rai,Kirat Itihas,political_history,BIBLIOGRAPHICALLY_VERIFIED_PAGE_PENDING
hodgson-kiranti-1859,Brian Houghton Hodgson,"On the Kiranti Tribe, JASB 27",social_structure,SOURCE_IDENTITY_VERIFIED_PAGE_PENDING
caplan-1970,Lionel Caplan,Land and Social Change in East Nepal,social_structure,BIBLIOGRAPHICALLY_VERIFIED_PAGE_PENDING
hansson-1991,Gerd Hansson / Werner Winter,The Rai of Eastern Nepal: Ethnic and Linguistic Grouping,social_structure,BIBLIOGRAPHICALLY_VERIFIED_PAGE_PENDING
sagant,Philippe Sagant,Les Pouvoirs des chefs limbu au Népal oriental,social_structure,BIBLIOGRAPHICALLY_VERIFIED_PAGE_PENDING
hardman,Charlotte Hardman,Ethnographic research on Yakkha/Kiranti communities,social_structure,WORK_LEVEL_RECORD_REQUIRED
allen,Nicholas Allen,Anthropological/comparative research relevant to Kiranti/Yakkha,social_structure,PAGE_VERIFICATION_REQUIRED
bista-people-nepal,Dor Bahadur Bista,People of Nepal,social_structure,BIBLIOGRAPHICALLY_VERIFIED_PAGE_PENDING
tumbahang-mundhum,Mohan Kumar Tumbahang,Doctoral research on Limbu Mundhum and related linguistic/cultural materials,social_structure,INSTITUTIONAL_WORK_IDENTITY_PENDING_PAGE_EXTRACTION
gaenszle-ancestral-voices,Martin Gaenszle,Ancestral Voices,social_structure,BIBLIOGRAPHICALLY_VERIFIED_PAGE_PENDING
hodgson-papers-limbu,Brian Houghton Hodgson / British Library,"Limbu manuscripts, religion/culture, alphabet and language teaching materials",religion_worldview,CATALOGUE_OBJECT_VERIFIED_CONTENT_PENDING
gaenszle-ancestral-voices,Martin Gaenszle,Ancestral Voices,religion_worldview,BIBLIOGRAPHICALLY_VERIFIED_PAGE_PENDING
gaenszle-kiranti,Martin Gaenszle,"Research on Kiranti oral tradition, Mundhum, script and religion/community",religion_worldview,WORK_LEVEL_RECORD_REQUIRED
vandenhelsken-gaenszle,Mélanie Vandenhelsken / Martin Gaenszle,Limbu Religion and the Remaking of the Community,religion_worldview,WORK_LEVEL_PAGE_VERIFICATION_REQUIRED
streltsova-2023,Liliya A. Streltsova,The “Kirat Religion” in Nepal...,religion_worldview,ARTICLE_IDENTITY_AND_PAGE_RANGE_VERIFIED
tumbahang-mundhum,Mohan Kumar Tumbahang,Doctoral research on Limbu Mundhum and related linguistic/cultural materials,religion_worldview,INSTITUTIONAL_WORK_IDENTITY_PENDING_PAGE_EXTRACTION
bl-eap1023-22-17-kirat-dharma,British Library EAP1023/22/17,किराँत धर्म / Kiranta Book of Religion,religion_worldview,CATALOGUE_OBJECT_VERIFIED_RESTRICTED
bl-eap1023-21-5-kirat-dharma,British Library EAP1023/21/5,किराँत धर्म / Kiranta Religious book,religion_worldview,CATALOGUE_OBJECT_VERIFIED_RESTRICTED
bl-hodgson-85-limbu-manuscripts,British Library Hodgson Papers,Mss Eur Hodgson/85 — Limbu manuscripts,religion_worldview,CATALOGUE_OBJECT_VERIFIED_RESTRICTED
tu-limbu-mundhum-2010,Ramesh Kumar Limbu / TU Central Library,Performance in Limbu Mundhum,religion_worldview,INSTITUTIONAL_REPOSITORY_VERIFIED_PAGE_PENDING
nepal-parichaya-kirat-bamshi,Government of Nepal / Nepal Parichaya,Kirantbamshi Kings section,religion_worldview,OFFICIAL_COMPILATION_VERIFIED_SECONDARY
hodgson-vocabulary-1857,Brian Houghton Hodgson,"Comparative Vocabulary...Kirantis, JASB 26",language_literature,SOURCE_IDENTITY_VERIFIED_PAGE_PENDING
hodgson-ras-manuscript,Brian Houghton Hodgson / Royal Asiatic Society Archives,"Comparative Vocabulary of the Kiranti, BHH/6/1/1",language_literature,CATALOGUE_OBJECT_VERIFIED_CONTENT_PENDING
hodgson-papers-limbu,Brian Houghton Hodgson / British Library,"Limbu manuscripts, religion/culture, alphabet and language teaching materials",language_literature,CATALOGUE_OBJECT_VERIFIED_CONTENT_PENDING
hansson-1991,Gerd Hansson / Werner Winter,The Rai of Eastern Nepal: Ethnic and Linguistic Grouping,language_literature,BIBLIOGRAPHICALLY_VERIFIED_PAGE_PENDING
van-driem-limbu,George van Driem,A Grammar of Limbu,language_literature,FULL_TEXT_IDENTITY_VERIFIED_PAGE_PENDING
bl-hodgson-85-limbu-manuscripts,British Library Hodgson Papers,Mss Eur Hodgson/85 — Limbu manuscripts,language_literature,CATALOGUE_OBJECT_VERIFIED_RESTRICTED
hodgson-ras-manuscript,Brian Houghton Hodgson / Royal Asiatic Society Archives,"Comparative Vocabulary of the Kiranti, BHH/6/1/1",archaeology_material,CATALOGUE_OBJECT_VERIFIED_CONTENT_PENDING
hodgson-papers-limbu,Brian Houghton Hodgson / British Library,"Limbu manuscripts, religion/culture, alphabet and language teaching materials",archaeology_material,CATALOGUE_OBJECT_VERIFIED_CONTENT_PENDING
bl-eap1023-22-17-kirat-dharma,British Library EAP1023/22/17,किराँत धर्म / Kiranta Book of Religion,archaeology_material,CATALOGUE_OBJECT_VERIFIED_RESTRICTED
bl-eap1023-21-5-kirat-dharma,British Library EAP1023/21/5,किराँत धर्म / Kiranta Religious book,archaeology_material,CATALOGUE_OBJECT_VERIFIED_RESTRICTED
bl-hodgson-85-limbu-manuscripts,British Library Hodgson Papers,Mss Eur Hodgson/85 — Limbu manuscripts,archaeology_material,CATALOGUE_OBJECT_VERIFIED_RESTRICTED
hamilton-loc-1819-evidence,Francis Buchanan Hamilton / Library of Congress,An Account of the Kingdom of Nepal...,archaeology_material,PAGE_LEVEL_EVIDENCE_PARTIAL
kirkpatrick-narchives-1811-evidence,William Kirkpatrick / Nepal National Archives,An Account of the Kingdom of Nepaul,archaeology_material,DIGITAL_OBJECT_VERIFIED_PAGE_PENDING
documenta-rrc-0036-0252,Documenta Nepalica / RRC,Appeal to Kirātīs and Lepchas across the Ṭistā,archaeology_material,PRIMARY_DOCUMENT_CATALOGUE_VERIFIED_FOLIO_PENDING
caplan-1970,Lionel Caplan,Land and Social Change in East Nepal,economy_livelihood,BIBLIOGRAPHICALLY_VERIFIED_PAGE_PENDING
nepalica-land-survey,Regmi Research Collection / Documenta Nepalica,RRC_0006_0157 land-survey regulations in Majha/Pallo Kirāta,economy_livelihood,PRIMARY_DOCUMENT_VERIFIED_FOLIO_TEXT_PENDING
nepalica-revenue,Regmi Research Collection / Documenta Nepalica,RRC_0089_0038 revenue collection in Mājha/Pallo Kirāta,economy_livelihood,PRIMARY_DOCUMENT_VERIFIED_FOLIO_TEXT_PENDING
documenta-pallo-kirata-records,Documenta Nepalica / Heidelberg Academy,"Pallo Kirāta historical documents: E_3345_0008, E_3420_0007, E_3420_0008, E_3420_0013, E_3420_0016",economy_livelihood,PRIMARY_CORPUS_VERIFIED_FOLIO_PENDING
documenta-limbuvan-collection,Documenta Nepalica / Heidelberg Academy,Documents on Limbuvān,economy_livelihood,PRIMARY_CORPUS_VERIFIED_FOLIO_PENDING
sagant,Philippe Sagant,Les Pouvoirs des chefs limbu au Népal oriental,economy_livelihood,BIBLIOGRAPHICALLY_VERIFIED_PAGE_PENDING
hamilton-1819,Francis Buchanan Hamilton,An Account of the Kingdom of Nepal...,places_sacred_landscape,PAGE_LEVEL_EVIDENCE_PARTIAL
oldfield,Henry Ambrose Oldfield,Sketches from Nipal,places_sacred_landscape,SOURCE_IDENTITY_VERIFIED_PAGE_PENDING
hagen,Toni Hagen,Twentieth-century Nepal field/geographical documentation,places_sacred_landscape,PAGE_VERIFICATION_REQUIRED
caplan-1970,Lionel Caplan,Land and Social Change in East Nepal,places_sacred_landscape,BIBLIOGRAPHICALLY_VERIFIED_PAGE_PENDING
gaenszle-ancestral-voices,Martin Gaenszle,Ancestral Voices,places_sacred_landscape,BIBLIOGRAPHICALLY_VERIFIED_PAGE_PENDING
documenta-pallo-kirata-records,Documenta Nepalica / Heidelberg Academy,"Pallo Kirāta historical documents: E_3345_0008, E_3420_0007, E_3420_0008, E_3420_0013, E_3420_0016",places_sacred_landscape,PRIMARY_CORPUS_VERIFIED_FOLIO_PENDING
documenta-limbuvan-collection,Documenta Nepalica / Heidelberg Academy,Documents on Limbuvān,places_sacred_landscape,PRIMARY_CORPUS_VERIFIED_FOLIO_PENDING
giuseppe-capuchin,Father Giuseppe,Capuchin missionary account on Nepal/Kiratas,external_records_comparison,PAGE_VERIFICATION_REQUIRED
kirkpatrick-1811,William Kirkpatrick,An Account of the Kingdom of Nepaul,external_records_comparison,SOURCE_IDENTITY_VERIFIED_PAGE_PENDING
hamilton-1819,Francis Buchanan Hamilton,An Account of the Kingdom of Nepal...,external_records_comparison,PAGE_LEVEL_EVIDENCE_PARTIAL
hodgson-kiranti-1859,Brian Houghton Hodgson,"On the Kiranti Tribe, JASB 27",external_records_comparison,SOURCE_IDENTITY_VERIFIED_PAGE_PENDING
hodgson-vocabulary-1857,Brian Houghton Hodgson,"Comparative Vocabulary...Kirantis, JASB 26",external_records_comparison,SOURCE_IDENTITY_VERIFIED_PAGE_PENDING
vansittart,E. Vansittart,Kirat-related nineteenth-century material,external_records_comparison,PAGE_VERIFICATION_REQUIRED
oldfield,Henry Ambrose Oldfield,Sketches from Nipal,external_records_comparison,SOURCE_IDENTITY_VERIFIED_PAGE_PENDING
wright,Daniel Wright,History of Nepal / documentary-historical work,external_records_comparison,SOURCE_IDENTITY_VERIFIED_PAGE_PENDING
levi,Sylvain Lévi,Le Népal: étude historique d’un royaume hindou,external_records_comparison,SOURCE_AND_DIGITAL_TEXT_VERIFIED_PAGE_PENDING
hansson-1991,Gerd Hansson / Werner Winter,The Rai of Eastern Nepal: Ethnic and Linguistic Grouping,external_records_comparison,BIBLIOGRAPHICALLY_VERIFIED_PAGE_PENDING
gaenszle-kiranti,Martin Gaenszle,"Research on Kiranti oral tradition, Mundhum, script and religion/community",external_records_comparison,WORK_LEVEL_RECORD_REQUIRED
hardman,Charlotte Hardman,Ethnographic research on Yakkha/Kiranti communities,external_records_comparison,WORK_LEVEL_RECORD_REQUIRED
allen,Nicholas Allen,Anthropological/comparative research relevant to Kiranti/Yakkha,external_records_comparison,PAGE_VERIFICATION_REQUIRED
streltsova-2023,Liliya A. Streltsova,The “Kirat Religion” in Nepal...,external_records_comparison,ARTICLE_IDENTITY_AND_PAGE_RANGE_VERIFIED
michaels-2024,Axel Michaels,Nepal: A History from the Earliest Times to the Present,external_records_comparison,BOOK_IDENTITY_VERIFIED_PAGE_PENDING
vandenhelsken-gaenszle,Mélanie Vandenhelsken / Martin Gaenszle,Limbu Religion and the Remaking of the Community,modern_identity,WORK_LEVEL_PAGE_VERIFICATION_REQUIRED
schlemmer,Gérard Schlemmer,Research on reinvention/reconstruction of Kirant identity,modern_identity,WORK_LEVEL_RECORD_REQUIRED
streltsova-2023,Liliya A. Streltsova,The “Kirat Religion” in Nepal...,modern_identity,ARTICLE_IDENTITY_AND_PAGE_RANGE_VERIFIED
tumbahang-mundhum,Mohan Kumar Tumbahang,Doctoral research on Limbu Mundhum and related linguistic/cultural materials,modern_identity,INSTITUTIONAL_WORK_IDENTITY_PENDING_PAGE_EXTRACTION
tu-limbu-mundhum-2010,Ramesh Kumar Limbu / TU Central Library,Performance in Limbu Mundhum,modern_identity,INSTITUTIONAL_REPOSITORY_VERIFIED_PAGE_PENDING
chemjong-kirat-itihas,Iman Singh Chemjong,Kirat Itihas,modern_identity,EDITION_PAGE_VERIFICATION_REQUIRED
chemjong-history-culture,Iman Singh Chemjong,History and Culture of Kirat People / Kirat History and Culture,modern_identity,EDITION_PAGE_VERIFICATION_REQUIRED
tanka-bahadur-rai,Tanka Bahadur Rai,Kirat Itihas,modern_identity,BIBLIOGRAPHICALLY_VERIFIED_PAGE_PENDING
bista-people-nepal,Dor Bahadur Bista,People of Nepal,modern_identity,BIBLIOGRAPHICALLY_VERIFIED_PAGE_PENDING
