No,Source ID,Author/Institution,Work/Source,Year/Period,Final Cross-check Status,Evidence/Limit,Final-use rule
1,giuseppe-capuchin,Father Giuseppe,Capuchin missionary account on Nepal/Kiratas,18th century,PAGE_VERIFICATION_REQUIRED,Original missionary work/archival reproduction not yet read; do not use Hamilton as substitute.,Do not treat unverified claims as established; resolve exact work/page/folio before stronger wording.
2,kirkpatrick-1811,William Kirkpatrick,An Account of the Kingdom of Nepaul,1811,SOURCE_IDENTITY_VERIFIED_PAGE_PENDING,1811 edition is independently catalogued; exact Kirat/Kiranti claim pages still need page-level extraction.,Do not treat unverified claims as established; resolve exact work/page/folio before stronger wording.
3,hamilton-1819,Francis Buchanan Hamilton,An Account of the Kingdom of Nepal...,1819,PAGE_LEVEL_EVIDENCE_PARTIAL,"Exact extract targets pp. 2–3, 7–8, 133–134, 148–149 are stored; use only source-bounded statements.",Eligible for final synthesis only within the stated evidence boundary.
4,hodgson-kiranti-1859,Brian Houghton Hodgson,"On the Kiranti Tribe, JASB 27","1859, pp. 447–456",SOURCE_IDENTITY_VERIFIED_PAGE_PENDING,Article identity and page range verified; exact propositions require reading the article pages.,Do not treat unverified claims as established; resolve exact work/page/folio before stronger wording.
5,hodgson-vocabulary-1857,Brian Houghton Hodgson,"Comparative Vocabulary...Kirantis, JASB 26","1857, pp. 333–371",SOURCE_IDENTITY_VERIFIED_PAGE_PENDING,Article identity/page range verified; linguistic claims require exact table/page extraction.,Do not treat unverified claims as established; resolve exact work/page/folio before stronger wording.
6,hodgson-ras-manuscript,Brian Houghton Hodgson / Royal Asiatic Society Archives,"Comparative Vocabulary of the Kiranti, BHH/6/1/1",1820–1860,CATALOGUE_OBJECT_VERIFIED_CONTENT_PENDING,RAS catalogue verifies manuscript identity and extent; manuscript content has not been independently transcribed in this pass.,Do not treat unverified claims as established; resolve exact work/page/folio before stronger wording.
7,hodgson-papers-limbu,Brian Houghton Hodgson / British Library,"Limbu manuscripts, religion/culture, alphabet and language teaching materials",19th century,CATALOGUE_OBJECT_VERIFIED_CONTENT_PENDING,BL Hodgson/85 and related holdings are verified as archival objects; individual folio claims remain pending.,Do not treat unverified claims as established; resolve exact work/page/folio before stronger wording.
8,vansittart,E. Vansittart,Kirat-related nineteenth-century material,19th century,PAGE_VERIFICATION_REQUIRED,Exact work/page is not yet securely resolved; no quotation as proof.,Do not treat unverified claims as established; resolve exact work/page/folio before stronger wording.
9,oldfield,Henry Ambrose Oldfield,Sketches from Nipal,1880/1881,SOURCE_IDENTITY_VERIFIED_PAGE_PENDING,Wellcome verifies edition and public-domain status; exact Kirat pages/plates still require extraction.,Do not treat unverified claims as established; resolve exact work/page/folio before stronger wording.
10,wright,Daniel Wright,History of Nepal / documentary-historical work,1877,SOURCE_IDENTITY_VERIFIED_PAGE_PENDING,Bibliographic identity verified; exact Kirata statements must be page-checked.,Do not treat unverified claims as established; resolve exact work/page/folio before stronger wording.
11,landon,Percival Landon,Nepal,1928,SOURCE_IDENTITY_VERIFIED_PAGE_PENDING,Two-volume work verified; exact Kirat claims require chapter/page extraction.,Do not treat unverified claims as established; resolve exact work/page/folio before stronger wording.
12,levi,Sylvain Lévi,Le Népal: étude historique d’un royaume hindou,1905–1908,SOURCE_AND_DIGITAL_TEXT_VERIFIED_PAGE_PENDING,LOC/Wikisource verify the three-volume work and searchable text; exact Kirat claims require page-level extraction.,Do not treat unverified claims as established; resolve exact work/page/folio before stronger wording.
13,hagen,Toni Hagen,Twentieth-century Nepal field/geographical documentation,20th century,PAGE_VERIFICATION_REQUIRED,Exact Kirat-specific work/page unresolved in this pass.,Do not treat unverified claims as established; resolve exact work/page/folio before stronger wording.
14,nepalica-pallo-kirata,Documenta Nepalica / Heidelberg Academy,Historical documents indexed under Pallo Kirāta,1780–1851 and related,CATALOGUE_CORPUS_VERIFIED_FOLIO_PENDING,Corpus is verified; each selected document must be read before stronger historical claims.,Do not treat unverified claims as established; resolve exact work/page/folio before stronger wording.
15,nepalica-land-survey,Regmi Research Collection / Documenta Nepalica,RRC_0006_0157 land-survey regulations in Majha/Pallo Kirāta,VS 1862,PRIMARY_DOCUMENT_VERIFIED_FOLIO_TEXT_PENDING,"Documenta record verifies title, date, 1 folio and archival reference; exact wording needs folio/edition reading.",Do not treat unverified claims as established; resolve exact work/page/folio before stronger wording.
16,nepalica-revenue,Regmi Research Collection / Documenta Nepalica,RRC_0089_0038 revenue collection in Mājha/Pallo Kirāta,VS 1906,PRIMARY_DOCUMENT_VERIFIED_FOLIO_TEXT_PENDING,"Documenta record verifies title, 2 folios and archival reference; exact wording needs folio/edition reading.",Do not treat unverified claims as established; resolve exact work/page/folio before stronger wording.
17,limbuvan-documents,Documenta Nepalica / Heidelberg Academy,Documents on Limbuvān,pre-modern,CATALOGUE_CORPUS_VERIFIED_FOLIO_PENDING,Institutional collection and example identifiers verified; claim-level use requires selected document reading.,Do not treat unverified claims as established; resolve exact work/page/folio before stronger wording.
18,caplan-1970,Lionel Caplan,Land and Social Change in East Nepal,1970,BIBLIOGRAPHICALLY_VERIFIED_PAGE_PENDING,"UC Press verifies 1st edition, 250 pages and subject scope; exact propositions require book pages.",Do not treat unverified claims as established; resolve exact work/page/folio before stronger wording.
19,hansson-1991,Gerd Hansson / Werner Winter,The Rai of Eastern Nepal: Ethnic and Linguistic Grouping,1991,BIBLIOGRAPHICALLY_VERIFIED_PAGE_PENDING,Library records verify 117-page linguistic survey; exact claims require pages.,Do not treat unverified claims as established; resolve exact work/page/folio before stronger wording.
20,gaenszle-ancestral-voices,Martin Gaenszle,Ancestral Voices,2007,BIBLIOGRAPHICALLY_VERIFIED_PAGE_PENDING,Publisher verifies 360-page study of Mewahang Rai oral ritual texts; exact claims require pages.,Do not treat unverified claims as established; resolve exact work/page/folio before stronger wording.
21,van-driem-limbu,George van Driem,A Grammar of Limbu,1987,FULL_TEXT_IDENTITY_VERIFIED_PAGE_PENDING,Accessible PDF verifies 565 pages and scope including oral traditions/myths and Kiranti script; exact claims require page citations.,Do not treat unverified claims as established; resolve exact work/page/folio before stronger wording.
22,sagant,Philippe Sagant,Les Pouvoirs des chefs limbu au Népal oriental,"1978, pp. 69–107",BIBLIOGRAPHICALLY_VERIFIED_PAGE_PENDING,Documenta Nepalica bibliography verifies article identity/pages; exact propositions require article reading.,Do not treat unverified claims as established; resolve exact work/page/folio before stronger wording.
23,gaenszle-kiranti,Martin Gaenszle,"Research on Kiranti oral tradition, Mundhum, script and religion/community",20th–21st century,WORK_LEVEL_RECORD_REQUIRED,"This registry item is a research cluster, not one unique publication; split into work-level records before exact claim use.",Do not treat unverified claims as established; resolve exact work/page/folio before stronger wording.
24,vandenhelsken-gaenszle,Mélanie Vandenhelsken / Martin Gaenszle,Limbu Religion and the Remaking of the Community,2019,WORK_LEVEL_PAGE_VERIFICATION_REQUIRED,Chapter/work identity needs exact publication/chapter/page resolution before quotation.,Do not treat unverified claims as established; resolve exact work/page/folio before stronger wording.
25,schlemmer,Gérard Schlemmer,Research on reinvention/reconstruction of Kirant identity,21st century,WORK_LEVEL_RECORD_REQUIRED,Research cluster; exact publication and pages must be resolved.,Do not treat unverified claims as established; resolve exact work/page/folio before stronger wording.
26,hardman,Charlotte Hardman,Ethnographic research on Yakkha/Kiranti communities,20th century,WORK_LEVEL_RECORD_REQUIRED,Research cluster; exact publication and pages must be resolved.,Do not treat unverified claims as established; resolve exact work/page/folio before stronger wording.
27,allen,Nicholas Allen,Anthropological/comparative research relevant to Kiranti/Yakkha,20th–21st century,PAGE_VERIFICATION_REQUIRED,Exact publication/page unresolved in this pass.,Do not treat unverified claims as established; resolve exact work/page/folio before stronger wording.
28,streltsova-2023,Liliya A. Streltsova,The “Kirat Religion” in Nepal...,"2023, pp. 66–83",ARTICLE_IDENTITY_AND_PAGE_RANGE_VERIFIED,"Journal record verifies article, author, DOI and pp. 66–83; exact claims should cite those pages.",Eligible for final synthesis only within the stated evidence boundary.
29,michaels-2024,Axel Michaels,Nepal: A History from the Earliest Times to the Present,2024,BOOK_IDENTITY_VERIFIED_PAGE_PENDING,Oxford verifies publication and scope; exact Kirat propositions require chapter/page extraction.,Do not treat unverified claims as established; resolve exact work/page/folio before stronger wording.
30,chemjong-kirat-itihas,Iman Singh Chemjong,Kirat Itihas,1948; later editions,EDITION_PAGE_VERIFICATION_REQUIRED,Work is established in bibliography; exact edition/page and source-method need checking.,Do not treat unverified claims as established; resolve exact work/page/folio before stronger wording.
31,chemjong-history-culture,Iman Singh Chemjong,History and Culture of Kirat People / Kirat History and Culture,20th century; later editions,EDITION_PAGE_VERIFICATION_REQUIRED,A 2003 fourth edition is independently catalogued; exact claims require the edition used.,Do not treat unverified claims as established; resolve exact work/page/folio before stronger wording.
32,tanka-bahadur-rai,Tanka Bahadur Rai,Kirat Itihas,2011 edition,BIBLIOGRAPHICALLY_VERIFIED_PAGE_PENDING,CiNii verifies 740-page Nepali history of Kiranti people; exact claims require pages.,Do not treat unverified claims as established; resolve exact work/page/folio before stronger wording.
33,bista-people-nepal,Dor Bahadur Bista,People of Nepal,1967,BIBLIOGRAPHICALLY_VERIFIED_PAGE_PENDING,Work identity is established; exact Kirat claims require edition/page extraction.,Do not treat unverified claims as established; resolve exact work/page/folio before stronger wording.
34,tumbahang-mundhum,Mohan Kumar Tumbahang,Doctoral research on Limbu Mundhum and related linguistic/cultural materials,21st century,INSTITUTIONAL_WORK_IDENTITY_PENDING_PAGE_EXTRACTION,Exact thesis title/repository record must be resolved before claim-level citation.,Do not treat unverified claims as established; resolve exact work/page/folio before stronger wording.
35,hamilton-loc-1819-evidence,Francis Buchanan Hamilton / Library of Congress,An Account of the Kingdom of Nepal...,1819,PAGE_LEVEL_EVIDENCE_PARTIAL,"LOC record plus stored extract targets pp. 2–3, 7–8, 133–134, 148–149; same work as #3, not a separate historical work.",Eligible for final synthesis only within the stated evidence boundary.
36,kirkpatrick-narchives-1811-evidence,William Kirkpatrick / Nepal National Archives,An Account of the Kingdom of Nepaul,1811,DIGITAL_OBJECT_VERIFIED_PAGE_PENDING,NNA digitized record verified; exact Kirat/Yalambar pages still require extraction. Same work as #2.,Do not treat unverified claims as established; resolve exact work/page/folio before stronger wording.
37,ancient-nepal-yellung-crosscheck,Department of Archaeology Nepal / Ancient Nepal,Yellung/Ya’lamba/Yalambar discussion,published historical scholarship,SECONDARY_CHRONICLE_ANALYSIS_VERIFIED,Use as scholarship about chronicle tradition; not contemporary inscriptional proof.,Eligible for final synthesis only within the stated evidence boundary.
38,bl-eap1023-22-17-kirat-dharma,British Library EAP1023/22/17,किराँत धर्म / Kiranta Book of Religion,16th-century catalogue date,CATALOGUE_OBJECT_VERIFIED_RESTRICTED,BL verifies 25 paper folios and 27 TIFF images; research access/not public record; folio content not read in this pass.,Catalogue/object evidence only unless lawful folio access and rights permit.
39,bl-eap1023-21-5-kirat-dharma,British Library EAP1023/21/5,किराँत धर्म / Kiranta Religious book,16th-century catalogue date,CATALOGUE_OBJECT_VERIFIED_RESTRICTED,BL verifies 21 paper folios and 21 TIFF images; research access/not public record; folio content not read in this pass.,Catalogue/object evidence only unless lawful folio access and rights permit.
40,bl-hodgson-85-limbu-manuscripts,British Library Hodgson Papers,Mss Eur Hodgson/85 — Limbu manuscripts,1846,CATALOGUE_OBJECT_VERIFIED_RESTRICTED,BL verifies 278-page bound volume and scope; content claims require individual folio reading; legal status not public record.,Catalogue/object evidence only unless lawful folio access and rights permit.
41,tu-limbu-mundhum-2010,Ramesh Kumar Limbu / TU Central Library,Performance in Limbu Mundhum,2010,INSTITUTIONAL_REPOSITORY_VERIFIED_PAGE_PENDING,"TU repository verifies author, year, publisher and abstract; exact chapter/page claims still need extraction.",Do not treat unverified claims as established; resolve exact work/page/folio before stronger wording.
42,documenta-rrc-0036-0252,Documenta Nepalica / RRC,Appeal to Kirātīs and Lepchas across the Ṭistā,VS 1865,PRIMARY_DOCUMENT_CATALOGUE_VERIFIED_FOLIO_PENDING,"Document identity, 2 folios, RRC 36 no.221 pp.243–244 and NGMPP E2441/2 are recorded; exact text requires folio/edition reading.",Do not treat unverified claims as established; resolve exact work/page/folio before stronger wording.
43,documenta-pallo-kirata-records,Documenta Nepalica / Heidelberg Academy,"Pallo Kirāta historical documents: E_3345_0008, E_3420_0007, E_3420_0008, E_3420_0013, E_3420_0016",1780–1851 and related,PRIMARY_CORPUS_VERIFIED_FOLIO_PENDING,Individual records exist; claim-level conclusions require reading each document.,Do not treat unverified claims as established; resolve exact work/page/folio before stronger wording.
44,documenta-limbuvan-collection,Documenta Nepalica / Heidelberg Academy,Documents on Limbuvān,18th–19th c. records,PRIMARY_CORPUS_VERIFIED_FOLIO_PENDING,Collection scope and example IDs verified; selected document texts required for stronger claims.,Do not treat unverified claims as established; resolve exact work/page/folio before stronger wording.
45,nepal-parichaya-kirat-bamshi,Government of Nepal / Nepal Parichaya,Kirantbamshi Kings section,official publication,OFFICIAL_COMPILATION_VERIFIED_SECONDARY,Official PDF and printed p.46 are identified; treat as compilatory secondary evidence and cross-check underlying Vamsavali.,Eligible for final synthesis only within the stated evidence boundary.
