Bibliography_No,Author_Institution,Work_Source,Current_Audit_Status,Important_Limitation
1,Father Giuseppe,Capuchin missionary account on Nepal/Kiratas,BIBLIOGRAPHIC_HUNTING_LIST,This status does not prove every historical claim in the work.
2,William Kirkpatrick,An Account of the Kingdom of Nepaul (1811),SOURCE_LEVEL_VERIFIED,This status does not prove every historical claim in the work.
3,Francis Buchanan Hamilton,An Account of the Kingdom of Nepal... (1819),CLAIM_LEVEL_PARTIAL,This status does not prove every historical claim in the work.
4,Brian Houghton Hodgson,"On the Kiranti Tribe (1859), JASB 27, pp. 447–456",SOURCE_LEVEL_VERIFIED,This status does not prove every historical claim in the work.
5,Brian Houghton Hodgson,"Comparative Vocabulary ... Kirantis (1857), JASB 26, pp. 333–371",SOURCE_LEVEL_VERIFIED,This status does not prove every historical claim in the work.
6,Brian Houghton Hodgson,"Comparative vocabulary of the Kiranti languages (1858), JASB 26, pp. 350–371",BIBLIOGRAPHICALLY_CROSSCHECKED,This status does not prove every historical claim in the work.
7,Brian Houghton Hodgson,"Essays on the Languages, Literature and Religion of Nepal and Tibet... (1874)",BIBLIOGRAPHICALLY_IDENTIFIED,This status does not prove every historical claim in the work.
8,Henry Ambrose Oldfield,Sketches from Nipal (1880),BIBLIOGRAPHICALLY_CROSSCHECKED,This status does not prove every historical claim in the work.
9,Percival Landon,Nepal (1928),BIBLIOGRAPHICALLY_IDENTIFIED,This status does not prove every historical claim in the work.
10,Sylvain Lévi,Le Népal (1905–1908),BIBLIOGRAPHICALLY_IDENTIFIED,This status does not prove every historical claim in the work.
11,Daniel Wright,History/documentary work on Nepal,PAGE_VERIFICATION_REQUIRED,Do not use as claim proof until exact work/page/folio is isolated.
12,E. Vansittart,Kirat/Limbu-related historical and ethnographic material,PAGE_VERIFICATION_REQUIRED,Do not use as claim proof until exact work/page/folio is isolated.
13,Toni Hagen,Nepal field/geographical documentation,PAGE_VERIFICATION_REQUIRED,Do not use as claim proof until exact work/page/folio is isolated.
14,Iman Singh Chemjong,Kirat Itihas (1948; 2nd ed. 1952),BIBLIOGRAPHICALLY_IDENTIFIED,This status does not prove every historical claim in the work.
15,Iman Singh Chemjong,Kirat History and Culture (enlarged edition; 2014 Google Books record),BIBLIOGRAPHICALLY_CROSSCHECKED,This status does not prove every historical claim in the work.
16,Martin Gaenszle,"Origins and Migrations: Kinship, Mythology and Ethnic Identity among the Mewahang Rai of East Nepal (2000)",BIBLIOGRAPHICALLY_CROSSCHECKED,This status does not prove every historical claim in the work.
17,Martin Gaenszle,Ancestral Voices: Oral Ritual Texts and their Social Contexts among the Mewahang Rai of East Nepal (2007),BIBLIOGRAPHICALLY_IDENTIFIED,This status does not prove every historical claim in the work.
18,Gerd Hansson / Werner Winter,The Rai of Eastern Nepal: Ethnic and Linguistic Grouping,BIBLIOGRAPHICALLY_CROSSCHECKED,This status does not prove every historical claim in the work.
19,Lionel Caplan,Land and Social Change in East Nepal: A Study of Hindu-Tribal Relations (1970),BIBLIOGRAPHICALLY_CROSSCHECKED,This status does not prove every historical claim in the work.
20,George van Driem,A Grammar of Limbu (1987),BIBLIOGRAPHICALLY_CROSSCHECKED,This status does not prove every historical claim in the work.
21,George van Driem,The Yakkha verb (1994),BIBLIOGRAPHICALLY_IDENTIFIED,This status does not prove every historical claim in the work.
22,Philippe Sagant,"Becoming a Limbu Priest: Ethnographic Notes (1976), in Spirit Possession in the Nepal Himalayas, pp. 56–99",BIBLIOGRAPHICALLY_CROSSCHECKED,This status does not prove every historical claim in the work.
23,Charlotte Hardman,Conformity and Self-Expression: a study of the Lohorung Rai of East Nepal (1990 dissertation),BIBLIOGRAPHICALLY_CROSSCHECKED,This status does not prove every historical claim in the work.
24,Nicholas Allen,Anthropological/comparative research relevant to Kiranti/Yakkha traditions,PAGE_VERIFICATION_REQUIRED,Do not use as claim proof until exact work/page/folio is isolated.
25,Gérard Schlemmer,Research on Kirant identity/religion/society,PAGE_VERIFICATION_REQUIRED,Do not use as claim proof until exact work/page/folio is isolated.
26,Mélanie Vandenhelsken & Martin Gaenszle,Limbu Religion and the Remaking of the Community,BIBLIOGRAPHICALLY_IDENTIFIED,This status does not prove every historical claim in the work.
27,Liliya A. Streltsova,"The “Kirat Religion” in Nepal: Quest for a New Religious and Ethnic Identity (2023), pp. 66–83",SOURCE_LEVEL_VERIFIED,This status does not prove every historical claim in the work.
28,Axel Michaels,Nepal: A History from the Earliest Times to the Present (2024),BIBLIOGRAPHICALLY_IDENTIFIED,This status does not prove every historical claim in the work.
29,Mohan Kumar Tumbahang,"A Linguistic Study of Limbu Mundhum (TU PhD thesis, 2013)",SOURCE_LEVEL_VERIFIED,This status does not prove every historical claim in the work.
30,Ramesh Kumar Limbu,Performance in Limbu Mundhum: A Study of Cultural Representation (2010),SOURCE_LEVEL_VERIFIED,This status does not prove every historical claim in the work.
31,Tara Mani Rai,Problems in Translation: Evidence from the Mundum Ritual Text,BIBLIOGRAPHICALLY_IDENTIFIED,This status does not prove every historical claim in the work.
32,Tara Mani Rai,Mundum: A Proto-Kirati Lexical Reconstruction,PAGE_VERIFICATION_REQUIRED,Do not use as claim proof until exact work/page/folio is isolated.
33,Boyd Michailovsky (ed.),Limbu-English Dictionary (2002),BIBLIOGRAPHICALLY_CROSSCHECKED,This status does not prove every historical claim in the work.
34,Boyd Michailovsky,La langue Hayu (1988),BIBLIOGRAPHICALLY_CROSSCHECKED,This status does not prove every historical claim in the work.
35,Boyd Michailovsky,Notes on the Kiranti verb (East Nepal) (1975),BIBLIOGRAPHICALLY_CROSSCHECKED,This status does not prove every historical claim in the work.
36,R. K. Sprigg,"Limbu/Kiranti linguistic studies (1959, 1966, 1984)",CLUSTER_REQUIRES_SPLIT,Do not use as claim proof until exact work/page/folio is isolated.
37,G. A. Grierson,Linguistic Survey of India / Kiranti-Limbu linguistic material,BIBLIOGRAPHICALLY_IDENTIFIED,This status does not prove every historical claim in the work.
38,A. Weidert,Limbu linguistic studies (1982–1985),CLUSTER_REQUIRES_SPLIT,Do not use as claim proof until exact work/page/folio is isolated.
39,G. B. Mainwaring / A. C. Campbell,Early Limbu language materials (1840s–1850s),PAGE_VERIFICATION_REQUIRED,Do not use as claim proof until exact work/page/folio is isolated.
40,Documenta Nepalica / Heidelberg Academy,"Pallo Kirāta historical documents: E_3345_0008, E_3420_0008, E_3420_0013, E_3420_0016, E_3420_0007",SOURCE_LEVEL_VERIFIED,This status does not prove every historical claim in the work.
41,Documenta Nepalica / Regmi Research Collection,Land survey documents in Majha-Kirāta / Pallo-Kirāta (VS 1862),SOURCE_LEVEL_VERIFIED,This status does not prove every historical claim in the work.
42,Documenta Nepalica / Regmi Research Collection,Revenue order in Mājha/Pallo Kirāta (VS 1906),SOURCE_LEVEL_VERIFIED,This status does not prove every historical claim in the work.
43,Documenta Nepalica / Regmi Research Collection,"Appeal to Kirātīs and Lepchas across the Ṭistā — RRC_0036_0252, VS 1865, 2 folios",SOURCE_LEVEL_VERIFIED,This status does not prove every historical claim in the work.
44,Heidelberg Academy / Documenta Nepalica,Documents on Limbuvān,SOURCE_LEVEL_VERIFIED,This status does not prove every historical claim in the work.
45,British Library / Hodgson Papers,Mss Eur Hodgson/85 — Limbu manuscripts: texts of religion and culture,SOURCE_LEVEL_VERIFIED_RESTRICTED,This status does not prove every historical claim in the work.
46,British Library / Hodgson Papers,Mss Eur Hodgson/84 — Limbu manuscripts: alphabet and Mundhum (1842–1846),SOURCE_LEVEL_VERIFIED_RESTRICTED,This status does not prove every historical claim in the work.
47,British Library / Hodgson Papers,Mss Eur Hodgson/88 — Limbu alphabet book by Sirijanga,SOURCE_LEVEL_VERIFIED_RESTRICTED,This status does not prove every historical claim in the work.
48,British Library / Hodgson Papers,"Mss Eur Hodgson/57 — Ethnography: customs, manners, rites and rituals including Kirati/Limbu/Lepcha (1820–1856)",SOURCE_LEVEL_VERIFIED_RESTRICTED,This status does not prove every historical claim in the work.
49,British Library / Hodgson Papers,Mss Eur Hodgson/24 — Languages and literatures; includes unique example of Limbu alphabet,SOURCE_LEVEL_VERIFIED_RESTRICTED,This status does not prove every historical claim in the work.
50,British Library / EAP,"EAP1023/22/17 — किराँत धर्म, 27 TIFF images, 16th-century catalogue date",SOURCE_LEVEL_VERIFIED_RESTRICTED,This status does not prove every historical claim in the work.
51,British Library / EAP,"EAP1023/21/5 — किराँत धर्म / Kiranta religious book, 21 folios",SOURCE_LEVEL_VERIFIED_RESTRICTED,This status does not prove every historical claim in the work.
52,Government of Nepal,"Nepal Parichaya — Kirantbamshi Kings section, p. 46",OFFICIAL_COMPILATION,This status does not prove every historical claim in the work.
