Audit_No,Source_ID,Author_Institution,Work_Source,Year_Period,Normalized_Source_Status,Evidence_Target,Official_Source_URL,Next_Action
1,giuseppe-capuchin,Father Giuseppe,Capuchin missionary account on Nepal/Kiratas,18th century,PAGE_VERIFICATION_REQUIRED,page_verification_required,,Locate/read original work or folio; do not quote or publish the historical proposition as established yet.
2,kirkpatrick-1811,William Kirkpatrick,An Account of the Kingdom of Nepaul,1811,BIBLIOGRAPHICALLY_IDENTIFIED,bibliographically_identified,,Exact edition/chapter/page/folio must be checked before quoting or treating a proposition as source-proven.
3,hamilton-1819,Francis Buchanan Hamilton,"An Account of the Kingdom of Nepal, and of the Territories Annexed to this Dominion by the House of Gorkha",1819,PRIMARY_EVIDENCE_IDENTIFIED,primary_evidence_identified,,Claim-level extraction still required for each historical proposition; catalogue/object existence is not claim proof.
4,hodgson-kiranti-1859,Brian Houghton Hodgson,"On the Kiranti Tribe, Journal of the Asiatic Society of Bengal 27","1859, pp. 447–456",PRIMARY_EVIDENCE_IDENTIFIED,primary_evidence_identified,,Claim-level extraction still required for each historical proposition; catalogue/object existence is not claim proof.
5,hodgson-vocabulary-1857,Brian Houghton Hodgson,"Comparative Vocabulary of the several languages (dialects) of the celebrated people called Kirantis, Journal of the Asiatic Society of Bengal 26","1857, pp. 333–371",PRIMARY_EVIDENCE_IDENTIFIED,primary_evidence_identified,,Claim-level extraction still required for each historical proposition; catalogue/object existence is not claim proof.
6,hodgson-ras-manuscript,Brian Houghton Hodgson / Royal Asiatic Society Archives,"Comparative Vocabulary of the Kiranti, BHH/6/1/1",1820–1860 creation range,PRIMARY_EVIDENCE_IDENTIFIED,primary_evidence_identified,,Claim-level extraction still required for each historical proposition; catalogue/object existence is not claim proof.
7,hodgson-papers-limbu,Brian Houghton Hodgson / British Library–Hodgson Papers,"Limbu manuscripts, religion/culture, alphabet and language teaching materials",19th century,PRIMARY_EVIDENCE_IDENTIFIED,primary_evidence_identified,,Claim-level extraction still required for each historical proposition; catalogue/object existence is not claim proof.
8,vansittart,E. Vansittart,Kirat-related nineteenth-century material,19th century,PAGE_VERIFICATION_REQUIRED,page_verification_required,,Locate/read original work or folio; do not quote or publish the historical proposition as established yet.
9,oldfield,Henry Ambrose Oldfield,Sketches from Nipal,1880,BIBLIOGRAPHICALLY_IDENTIFIED,bibliographically_identified,,Exact edition/chapter/page/folio must be checked before quoting or treating a proposition as source-proven.
10,wright,Daniel Wright,Historical/documentary work on Nepal,19th century,PAGE_VERIFICATION_REQUIRED,page_verification_required,,Locate/read original work or folio; do not quote or publish the historical proposition as established yet.
11,landon,Percival Landon,Nepal,1928,BIBLIOGRAPHICALLY_IDENTIFIED,bibliographically_identified,,Exact edition/chapter/page/folio must be checked before quoting or treating a proposition as source-proven.
12,levi,Sylvain Lévi,Le Népal,1905–1908,BIBLIOGRAPHICALLY_IDENTIFIED,bibliographically_identified,,Exact edition/chapter/page/folio must be checked before quoting or treating a proposition as source-proven.
13,hagen,Toni Hagen,Twentieth-century Nepal field/geographical documentation,20th century,PAGE_VERIFICATION_REQUIRED,page_verification_required,,Locate/read original work or folio; do not quote or publish the historical proposition as established yet.
14,nepalica-pallo-kirata,Documenta Nepalica / Heidelberg Academy of Sciences,Historical documents indexed under Pallo Kirāta,1780–1851 and related records,PRIMARY_EVIDENCE_IDENTIFIED,primary_evidence_identified,,Claim-level extraction still required for each historical proposition; catalogue/object existence is not claim proof.
15,nepalica-land-survey,Regmi Research Collection / Documenta Nepalica,"Regulations re land surveys in Majha-Kirāta and Pallo-Kirāta, RRC_0006_0157",VS 1862,PRIMARY_EVIDENCE_IDENTIFIED,primary_evidence_identified,,Claim-level extraction still required for each historical proposition; catalogue/object existence is not claim proof.
16,nepalica-revenue,Regmi Research Collection / Documenta Nepalica,"Order regarding revenue collection in Mājha and Pallo Kirāta, RRC_0089_0038",VS 1906,PRIMARY_EVIDENCE_IDENTIFIED,primary_evidence_identified,,Claim-level extraction still required for each historical proposition; catalogue/object existence is not claim proof.
17,limbuvan-documents,Documenta Nepalica / Heidelberg Academy of Sciences,Documents on Limbuvān,pre-modern Nepal,PRIMARY_EVIDENCE_IDENTIFIED,primary_evidence_identified,,Claim-level extraction still required for each historical proposition; catalogue/object existence is not claim proof.
18,caplan-1970,Lionel Caplan,Land and Social Change in East Nepal: A Study of Hindu-Tribal Relations,1970,BIBLIOGRAPHICALLY_IDENTIFIED,bibliographically_identified,,Exact edition/chapter/page/folio must be checked before quoting or treating a proposition as source-proven.
19,hansson-1991,Gerd Hansson; edited/introduction by Werner Winter,The Rai of Eastern Nepal: Ethnic and Linguistic Grouping,1991,BIBLIOGRAPHICALLY_IDENTIFIED,bibliographically_identified,,Exact edition/chapter/page/folio must be checked before quoting or treating a proposition as source-proven.
20,gaenszle-ancestral-voices,Martin Gaenszle,Ancestral Voices: Oral Ritual Texts and their Social Contexts among the Mewahang Rai of East Nepal,2007,BIBLIOGRAPHICALLY_IDENTIFIED,bibliographically_identified,,Exact edition/chapter/page/folio must be checked before quoting or treating a proposition as source-proven.
21,van-driem-limbu,George van Driem,A Grammar of Limbu,1987,BIBLIOGRAPHICALLY_IDENTIFIED,bibliographically_identified,,Exact edition/chapter/page/folio must be checked before quoting or treating a proposition as source-proven.
22,sagant,Philippe Sagant,"Published research on Limbu political power, religion and society",20th century,BIBLIOGRAPHICALLY_IDENTIFIED,bibliographically_identified,,Exact edition/chapter/page/folio must be checked before quoting or treating a proposition as source-proven.
23,gaenszle-kiranti,Martin Gaenszle,"Research on Kiranti oral tradition, Mundhum, script and religion/community",20th–21st century,BIBLIOGRAPHICALLY_IDENTIFIED,bibliographically_identified,,Exact edition/chapter/page/folio must be checked before quoting or treating a proposition as source-proven.
24,vandenhelsken-gaenszle,Mélanie Vandenhelsken and Martin Gaenszle,Limbu Religion and the Remaking of the Community,2019,BIBLIOGRAPHICALLY_IDENTIFIED,bibliographically_identified,,Exact edition/chapter/page/folio must be checked before quoting or treating a proposition as source-proven.
25,schlemmer,Gérard Schlemmer,Research on the reinvention/reconstruction of Kirant identity in eastern Nepal,21st century,BIBLIOGRAPHICALLY_IDENTIFIED,bibliographically_identified,,Exact edition/chapter/page/folio must be checked before quoting or treating a proposition as source-proven.
26,hardman,Charlotte Hardman,Ethnographic research on Yakkha/Kiranti communities,20th century,BIBLIOGRAPHICALLY_IDENTIFIED,bibliographically_identified,,Exact edition/chapter/page/folio must be checked before quoting or treating a proposition as source-proven.
27,allen,Nicholas Allen,Anthropological/comparative research relevant to Kiranti and Yakkha traditions,20th–21st century,PAGE_VERIFICATION_REQUIRED,page_verification_required,,Locate/read original work or folio; do not quote or publish the historical proposition as established yet.
28,streltsova-2023,Liliya A. Streltsova,The “Kirat Religion” in Nepal: Quest for a New Religious and Ethnic Identity,"2023, pp. 66–83",PRIMARY_EVIDENCE_IDENTIFIED,primary_evidence_identified,,Claim-level extraction still required for each historical proposition; catalogue/object existence is not claim proof.
29,michaels-2024,Axel Michaels,Nepal: A History from the Earliest Times to the Present,2024,BIBLIOGRAPHICALLY_IDENTIFIED,bibliographically_identified,,Exact edition/chapter/page/folio must be checked before quoting or treating a proposition as source-proven.
30,chemjong-kirat-itihas,Iman Singh Chemjong,Kirat Itihas,first published 1948; later editions,BIBLIOGRAPHICALLY_IDENTIFIED,bibliographically_identified,,Exact edition/chapter/page/folio must be checked before quoting or treating a proposition as source-proven.
31,chemjong-history-culture,Iman Singh Chemjong,History and Culture of Kirat People / Kirat History and Culture,20th century; later editions,BIBLIOGRAPHICALLY_IDENTIFIED,bibliographically_identified,,Exact edition/chapter/page/folio must be checked before quoting or treating a proposition as source-proven.
32,tanka-bahadur-rai,Tanka Bahadur Rai,Kirat Itihas,20th–21st century,BIBLIOGRAPHICALLY_IDENTIFIED,bibliographically_identified,,Exact edition/chapter/page/folio must be checked before quoting or treating a proposition as source-proven.
33,bista-people-nepal,Dor Bahadur Bista,People of Nepal,1967,BIBLIOGRAPHICALLY_IDENTIFIED,bibliographically_identified,,Exact edition/chapter/page/folio must be checked before quoting or treating a proposition as source-proven.
34,tumbahang-mundhum,Mohan Kumar Tumbahang,Doctoral research on Limbu Mundhum and related linguistic/cultural materials,21st century,PRIMARY_EVIDENCE_IDENTIFIED,primary_evidence_identified,,Claim-level extraction still required for each historical proposition; catalogue/object existence is not claim proof.
35,hamilton-loc-1819-evidence,Francis Buchanan Hamilton / Library of Congress,"An Account of the Kingdom of Nepal, and of the Territories Annexed to this Dominion by the House of Gorkha",1819,PRIMARY_EVIDENCE_IDENTIFIED,primary_evidence_identified,https://www.loc.gov/item/43032470/,Claim-level extraction still required for each historical proposition; catalogue/object existence is not claim proof.
36,kirkpatrick-narchives-1811-evidence,William Kirkpatrick / Nepal National Archives,An Account of the Kingdom of Nepaul,1811,PAGE_VERIFICATION_REQUIRED,page_verification_required,https://repository.narchives.gov.np/items/d3ef4611-7b79-4bba-9044-b5c8873697aa,Locate/read original work or folio; do not quote or publish the historical proposition as established yet.
37,ancient-nepal-yellung-crosscheck,"Department of Archaeology, Nepal / Ancient Nepal",Ancient Nepal historical discussion of Kirata chronology and Yellung/Ya’lamba/Yalambar,published historical scholarship,PRIMARY_EVIDENCE_IDENTIFIED,primary_evidence_identified,https://giwmscdntwo.gov.np/media/pdf_upload/ancient_nepal_59-60_full_1497255304_1581402902.pdf,Claim-level extraction still required for each historical proposition; catalogue/object existence is not claim proof.
38,bl-eap1023-22-17-kirat-dharma,British Library / Endangered Archives Programme,EAP1023/22/17 — किराँत धर्म,16th century catalogue date,PRIMARY_EVIDENCE_IDENTIFIED,primary_evidence_identified,https://searcharchives.bl.uk/catalog/040-003666019,Claim-level extraction still required for each historical proposition; catalogue/object existence is not claim proof.
39,bl-eap1023-21-5-kirat-dharma,British Library / Endangered Archives Programme,EAP1023/21/5 — किराँत धर्म / Kiranta Religious book,16th century catalogue date,PRIMARY_EVIDENCE_IDENTIFIED,primary_evidence_identified,https://searcharchives.bl.uk/catalog/040-003665987,Claim-level extraction still required for each historical proposition; catalogue/object existence is not claim proof.
40,bl-hodgson-85-limbu-manuscripts,British Library / Hodgson Papers,Mss Eur Hodgson/85 — Limbu manuscripts: texts of religion and culture,19th century Hodgson papers,PRIMARY_EVIDENCE_IDENTIFIED,primary_evidence_identified,https://searcharchives.bl.uk/catalog/040-003416594,Claim-level extraction still required for each historical proposition; catalogue/object existence is not claim proof.
41,tu-limbu-mundhum-2010,Ramesh Kumar Limbu / Tribhuvan University Central Library,Performance in Limbu Mundhum: A Study of Cultural Representation,2010,PRIMARY_EVIDENCE_IDENTIFIED,primary_evidence_identified,https://elibrary.tucl.edu.np/items/8b1c3b64-11ab-45e2-a272-b964b183b2be,Claim-level extraction still required for each historical proposition; catalogue/object existence is not claim proof.
42,documenta-rrc-0036-0252,Documenta Nepalica / Regmi Research Collection / Heidelberg Academy,"A document re appeal to Kirātīs and Lepchas across the Ṭistā, RRC_0036_0252",VS 1865,PRIMARY_EVIDENCE_IDENTIFIED,primary_evidence_identified,https://nepalica.hadw-bw.de/nepal/catitems/viewitem/78821/1,Claim-level extraction still required for each historical proposition; catalogue/object existence is not claim proof.
43,documenta-pallo-kirata-records,Documenta Nepalica / Heidelberg Academy,"Pallo Kirāta historical documents: E_3345_0008, E_3420_0007, E_3420_0008, E_3420_0013, E_3420_0016",1780–1851 and related dates,PRIMARY_EVIDENCE_IDENTIFIED,primary_evidence_identified,https://nepalica.hadw-bw.de/nepal/ontologies/viewitem/2259,Claim-level extraction still required for each historical proposition; catalogue/object existence is not claim proof.
44,documenta-limbuvan-collection,Documenta Nepalica / Heidelberg Academy,Documents on Limbuvān,pre-modern / 18th–19th century records,PRIMARY_EVIDENCE_IDENTIFIED,primary_evidence_identified,https://www.hadw-bw.de/forschung/projekte-im-akademienprogramm/religions-und-rechtsgeschichtliche-quellen-des-vormodernen-nepal/documents-on-limbuv%C4%81n,Claim-level extraction still required for each historical proposition; catalogue/object existence is not claim proof.
45,nepal-parichaya-kirat-bamshi,Government of Nepal / Nepal Parichaya,Nepal Parichaya — Kirantbamshi Kings section,official government publication,PRIMARY_EVIDENCE_IDENTIFIED,primary_evidence_identified,https://giwmscdnone.gov.np/media/app/public/23/posts/1673539151_17.pdf,Claim-level extraction still required for each historical proposition; catalogue/object existence is not claim proof.
