Source ID,Author/Institution,Work/Source,Year/Period,Source Kind,Verification State,Evidence Target,Official Source URL
giuseppe-capuchin,Father Giuseppe,Capuchin missionary account on Nepal/Kiratas,18th century,foreign_scholar,Locate the original missionary text or archival reproduction; do not substitute Hamilton’s report for the original.,page_verification_required,
kirkpatrick-1811,William Kirkpatrick,An Account of the Kingdom of Nepaul,1811,foreign_scholar,"Original 1811 edition, exact Kirat/Kiranti pages.",bibliographically_identified,
hamilton-1819,Francis Buchanan Hamilton,"An Account of the Kingdom of Nepal, and of the Territories Annexed to this Dominion by the House of Gorkha",1819,foreign_scholar,Original 1819 page scans; preserve exact page references.,primary_evidence_identified,
hodgson-kiranti-1859,Brian Houghton Hodgson,"On the Kiranti Tribe, Journal of the Asiatic Society of Bengal 27","1859, pp. 447–456",foreign_scholar,Original article pages 447–456.,primary_evidence_identified,
hodgson-vocabulary-1857,Brian Houghton Hodgson,"Comparative Vocabulary of the several languages (dialects) of the celebrated people called Kirantis, Journal of the Asiatic Society of Bengal 26","1857, pp. 333–371",foreign_scholar,Original article pages and/or manuscript.,primary_evidence_identified,
hodgson-ras-manuscript,Brian Houghton Hodgson / Royal Asiatic Society Archives,"Comparative Vocabulary of the Kiranti, BHH/6/1/1",1820–1860 creation range,archive_collection,Archive manuscript images; 6 large sheets / 11 sides.,primary_evidence_identified,
hodgson-papers-limbu,Brian Houghton Hodgson / British Library–Hodgson Papers,"Limbu manuscripts, religion/culture, alphabet and language teaching materials",19th century,archive_collection,Original folios and catalogue item images.,primary_evidence_identified,
vansittart,E. Vansittart,Kirat-related nineteenth-century material,19th century,foreign_scholar,Identify exact original work/page before quotation.,page_verification_required,
oldfield,Henry Ambrose Oldfield,Sketches from Nipal,1880,foreign_scholar,Exact Kirat/Kiranti pages or plates.,bibliographically_identified,
wright,Daniel Wright,Historical/documentary work on Nepal,19th century,foreign_scholar,Exact original page for each Kirata statement.,page_verification_required,
landon,Percival Landon,Nepal,1928,foreign_scholar,Exact chapter/page.,bibliographically_identified,
levi,Sylvain Lévi,Le Népal,1905–1908,foreign_scholar,Exact volume/page for each claim.,bibliographically_identified,
hagen,Toni Hagen,Twentieth-century Nepal field/geographical documentation,20th century,foreign_scholar,Exact work/page for Kirat-specific claims.,page_verification_required,
nepalica-pallo-kirata,Documenta Nepalica / Heidelberg Academy of Sciences,Historical documents indexed under Pallo Kirāta,1780–1851 and related records,primary_document,Original digital document/folio for each selected item.,primary_evidence_identified,
nepalica-land-survey,Regmi Research Collection / Documenta Nepalica,"Regulations re land surveys in Majha-Kirāta and Pallo-Kirāta, RRC_0006_0157",VS 1862,primary_document,One-folio original document image.,primary_evidence_identified,
nepalica-revenue,Regmi Research Collection / Documenta Nepalica,"Order regarding revenue collection in Mājha and Pallo Kirāta, RRC_0089_0038",VS 1906,primary_document,Two-folio original document image.,primary_evidence_identified,
limbuvan-documents,Documenta Nepalica / Heidelberg Academy of Sciences,Documents on Limbuvān,pre-modern Nepal,primary_document,Original document/folio for every selected claim.,primary_evidence_identified,
caplan-1970,Lionel Caplan,Land and Social Change in East Nepal: A Study of Hindu-Tribal Relations,1970,foreign_scholar,Exact book pages; published edition has 250 pages in UC Press record.,bibliographically_identified,
hansson-1991,Gerd Hansson; edited/introduction by Werner Winter,The Rai of Eastern Nepal: Ethnic and Linguistic Grouping,1991,foreign_scholar,Exact pages in published volume.,bibliographically_identified,
gaenszle-ancestral-voices,Martin Gaenszle,Ancestral Voices: Oral Ritual Texts and their Social Contexts among the Mewahang Rai of East Nepal,2007,foreign_scholar,Exact book pages.,bibliographically_identified,
van-driem-limbu,George van Driem,A Grammar of Limbu,1987,foreign_scholar,Exact pages for each linguistic/cultural claim.,bibliographically_identified,
sagant,Philippe Sagant,"Published research on Limbu political power, religion and society",20th century,foreign_scholar,Exact publication and page.,bibliographically_identified,
gaenszle-kiranti,Martin Gaenszle,"Research on Kiranti oral tradition, Mundhum, script and religion/community",20th–21st century,foreign_scholar,Exact publication/chapter and page.,bibliographically_identified,
vandenhelsken-gaenszle,Mélanie Vandenhelsken and Martin Gaenszle,Limbu Religion and the Remaking of the Community,2019,foreign_scholar,Exact encyclopedia/chapter pages.,bibliographically_identified,
schlemmer,Gérard Schlemmer,Research on the reinvention/reconstruction of Kirant identity in eastern Nepal,21st century,foreign_scholar,Exact publication and page.,bibliographically_identified,
hardman,Charlotte Hardman,Ethnographic research on Yakkha/Kiranti communities,20th century,foreign_scholar,Exact publication and page.,bibliographically_identified,
allen,Nicholas Allen,Anthropological/comparative research relevant to Kiranti and Yakkha traditions,20th–21st century,foreign_scholar,Exact publication and page.,page_verification_required,
streltsova-2023,Liliya A. Streltsova,The “Kirat Religion” in Nepal: Quest for a New Religious and Ethnic Identity,"2023, pp. 66–83",foreign_scholar,"Original article PDF, especially the exact cited pages.",primary_evidence_identified,
michaels-2024,Axel Michaels,Nepal: A History from the Earliest Times to the Present,2024,foreign_scholar,Exact chapter/page for every claim.,bibliographically_identified,
chemjong-kirat-itihas,Iman Singh Chemjong,Kirat Itihas,first published 1948; later editions,nepali_scholar,Exact edition/page.,bibliographically_identified,
chemjong-history-culture,Iman Singh Chemjong,History and Culture of Kirat People / Kirat History and Culture,20th century; later editions,nepali_scholar,"Exact edition/page, including the author’s source-method statement.",bibliographically_identified,
tanka-bahadur-rai,Tanka Bahadur Rai,Kirat Itihas,20th–21st century,nepali_scholar,Exact edition/page.,bibliographically_identified,
bista-people-nepal,Dor Bahadur Bista,People of Nepal,1967,nepali_scholar,Exact pages and edition.,bibliographically_identified,
tumbahang-mundhum,Mohan Kumar Tumbahang,Doctoral research on Limbu Mundhum and related linguistic/cultural materials,21st century,nepali_scholar,Exact thesis pages and institutional repository copy.,primary_evidence_identified,
hamilton-loc-1819-evidence,Francis Buchanan Hamilton / Library of Congress,"An Account of the Kingdom of Nepal, and of the Territories Annexed to this Dominion by the House of Gorkha",1819,primary_document,"Printed pp. 2–3, 7–8, 133–134, 148–149; evidence extract stored in research library; original page source linked at Library of Congress.",primary_evidence_identified,https://www.loc.gov/item/43032470/
kirkpatrick-narchives-1811-evidence,William Kirkpatrick / Nepal National Archives,An Account of the Kingdom of Nepaul,1811,primary_document,Official 271.33 MB digitised PDF; exact pages must be checked before quotation.,page_verification_required,https://repository.narchives.gov.np/items/d3ef4611-7b79-4bba-9044-b5c8873697aa
ancient-nepal-yellung-crosscheck,"Department of Archaeology, Nepal / Ancient Nepal",Ancient Nepal historical discussion of Kirata chronology and Yellung/Ya’lamba/Yalambar,published historical scholarship,primary_document,"Official PDF; exact issue/page retained in cross-check register. Treat as secondary scholarship about chronicle traditions, not contemporary inscriptional proof.",primary_evidence_identified,https://giwmscdntwo.gov.np/media/pdf_upload/ancient_nepal_59-60_full_1497255304_1581402902.pdf
bl-eap1023-22-17-kirat-dharma,British Library / Endangered Archives Programme,EAP1023/22/17 — किराँत धर्म,16th century catalogue date,archive_collection,27 digitised TIFF images; research-access/restricted rights status. Do not redistribute without permission.,primary_evidence_identified,https://searcharchives.bl.uk/catalog/040-003666019
bl-eap1023-21-5-kirat-dharma,British Library / Endangered Archives Programme,EAP1023/21/5 — किराँत धर्म / Kiranta Religious book,16th century catalogue date,archive_collection,21 folios / TIFF images; owner and research-access restrictions recorded in catalogue.,primary_evidence_identified,https://searcharchives.bl.uk/catalog/040-003665987
bl-hodgson-85-limbu-manuscripts,British Library / Hodgson Papers,Mss Eur Hodgson/85 — Limbu manuscripts: texts of religion and culture,19th century Hodgson papers,archive_collection,Original folios and catalogue references; reproduction rights must be checked before storing scans.,primary_evidence_identified,https://searcharchives.bl.uk/catalog/040-003416594
tu-limbu-mundhum-2010,Ramesh Kumar Limbu / Tribhuvan University Central Library,Performance in Limbu Mundhum: A Study of Cultural Representation,2010,nepali_scholar,Institutional repository thesis; exact chapter/page required for each claim. Do not redistribute copyrighted copy without permission.,primary_evidence_identified,https://elibrary.tucl.edu.np/items/8b1c3b64-11ab-45e2-a272-b964b183b2be
documenta-rrc-0036-0252,Documenta Nepalica / Regmi Research Collection / Heidelberg Academy,"A document re appeal to Kirātīs and Lepchas across the Ṭistā, RRC_0036_0252",VS 1865,primary_document,2-folio document; RRC Vol. 36 no. 221 pp. 243–244; NGMPP E 2441/2; verify original folio images/edition before quotation.,primary_evidence_identified,https://nepalica.hadw-bw.de/nepal/catitems/viewitem/78821/1
documenta-pallo-kirata-records,Documenta Nepalica / Heidelberg Academy,"Pallo Kirāta historical documents: E_3345_0008, E_3420_0007, E_3420_0008, E_3420_0013, E_3420_0016",1780–1851 and related dates,primary_document,Select individual catalogue records and preserve original digital document/folio references; catalogue marks these records reliable.,primary_evidence_identified,https://nepalica.hadw-bw.de/nepal/ontologies/viewitem/2259
documenta-limbuvan-collection,Documenta Nepalica / Heidelberg Academy,Documents on Limbuvān,pre-modern / 18th–19th century records,archive_collection,Use individual catalogue IDs/editions such as DNA_0001_0109 and E_2782_0042; attach original folios only when rights permit.,primary_evidence_identified,https://www.hadw-bw.de/forschung/projekte-im-akademienprogramm/religions-und-rechtsgeschichtliche-quellen-des-vormodernen-nepal/documents-on-limbuv%C4%81n
nepal-parichaya-kirat-bamshi,Government of Nepal / Nepal Parichaya,Nepal Parichaya — Kirantbamshi Kings section,official government publication,primary_document,"Official PDF, printed p. 46 in the searched edition; preserve as government secondary/compilatory evidence and cross-check against original Vamsavali sources.",primary_evidence_identified,https://giwmscdnone.gov.np/media/app/public/23/posts/1673539151_17.pdf
