Record ID,Author/Institution,Title,Shelfmark,Catalogue date,Extent,Language/Script,Verification state,Official catalogue URL,Research note
BL-EAP1023-21-6,British Library / Endangered Archives Programme,किरांत कथा / Kiranta Story,EAP1023/21/6,16th century catalogue date,30 paper folios; 32 TIFF images,Kiranti; Limbu script,Catalogue object identified; claim-level reading/page verification required,https://searcharchives.bl.uk/catalog/032-003665982,Today: collection-level catalogue confirms item; individual record should be opened before quotation
BL-EAP1023-21-7,British Library / Endangered Archives Programme,किराँत पुस्तक / Kiranta Book,EAP1023/21/7,15th century catalogue date,9 paper folios; 12 TIFF images,Kiranti; Limbu script,Catalogue object identified; research access/reuse restrictions apply,https://searcharchives.bl.uk/catalog/040-003665989,Today: described as a book of Kiranta religious culture
BL-EAP1023-21-8,British Library / Endangered Archives Programme,नेपालराज बंशावली / Nepalraj Vamshavali,EAP1023/21/8,18th century catalogue date,18 paper folios; 22 TIFF images,Nepali/Classical,Chronicle object identified; exact Kirata passages require folio-level verification,https://searcharchives.bl.uk/catalog/032-003665982,Today: collection catalogue identifies it as a Nepal chronicle mentioning ruling kings
BL-EAP1023-21-9,British Library / Endangered Archives Programme,किराँत प्रार्थना / Kiranta Prayer,EAP1023/21/9,15th century catalogue date,10 paper folios; 11 TIFF images,Kiranti; Limbu/Sirijangha script,Catalogue object identified; research access/reuse restrictions apply,https://searcharchives.bl.uk/catalog/040-003665991,"Today: catalogue says Kiranta Prayer book, Sirijangha script"
BL-EAP1023-21-10,British Library / Endangered Archives Programme,किराँत प्रार्थना / Kiranta Prayer,EAP1023/21/10,15th century catalogue date,1 paper folio; 9 TIFF images,Kiranti; Limbu/Sirijangha script,Catalogue object identified; exact folio reading required,https://searcharchives.bl.uk/catalog/032-003665982,Today: collection catalogue confirms separate prayer item
BL-EAP1023-22-3,British Library / Endangered Archives Programme,किराँत दस्ताबेज / Kirata Dastabej,EAP1023/22/3,16th century catalogue date,8 paper folios; 8 TIFF images,Kiranti; Devanagari,Catalogue object identified; exact content and historical claims require folio-level verification,https://searcharchives.bl.uk/catalog/040-003666005,Today: catalogue says text recovered from a Kiranta society in Eastern Nepal
BL-EAP1023-22-16,British Library / Endangered Archives Programme,किराँत देवदेवी कथा / Story of Kiranta Gods,EAP1023/22/16,16th century catalogue date,3 paper folios; 3 TIFF images,Kiranti; Sirijangha script,Catalogue object identified; folio-level verification required,https://searcharchives.bl.uk/catalog/032-003666002,Today: catalogue describes a Kiranta manuscript about Kiranta gods
BL-EAP1023-22-18,British Library / Endangered Archives Programme,किराँत प्रार्थना / Kiranta Prayer,EAP1023/22/18,16th century catalogue date,Catalogue collection entry; exact folio/image count to verify at item record,Kiranti,Catalogue lead; individual record and folio verification required,https://searcharchives.bl.uk/catalog/032-003666002,Today: separate prayer item listed in Hareram Upadhyaya collection
BL-EAP1023-22-19,British Library / Endangered Archives Programme,किराँत प्रार्थना / Kiranta Prayer,EAP1023/22/19,16th century catalogue date,Catalogue collection entry; exact folio/image count to verify at item record,Kiranti,Catalogue lead; individual record and folio verification required,https://searcharchives.bl.uk/catalog/032-003666002,Today: separate prayer item listed in Hareram Upadhyaya collection
BL-EAP1023-22-20,British Library / Endangered Archives Programme,किराँत प्राथमिक पुस्तक / Kiranta Primary Book,EAP1023/22/20,16th century catalogue date,Catalogue collection entry; exact folio/image count to verify at item record,Kiranti,Catalogue lead; individual record and folio verification required,https://searcharchives.bl.uk/catalog/032-003666002,Today: separate primary-book item listed in Hareram Upadhyaya collection
BL-EAP1023-22-21,British Library / Endangered Archives Programme,किराँत ज्योतिष / Kiranta Jyotisha,EAP1023/22/21,16th century catalogue date,Catalogue collection entry; exact folio/image count to verify at item record,Kiranti,Catalogue lead; individual record and folio verification required,https://searcharchives.bl.uk/catalog/032-003666002,Today: separate Kiranta astrology item listed in Hareram Upadhyaya collection
